"","V1","V2","V3"
"1",NA,NA,NA
"2",NA,NA,NA
"3",NA,NA,NA
"4",NA,NA,NA
"5",NA,NA,NA
"6",NA,NA,NA
"7",NA,NA,NA
"8",NA,NA,NA
"9",NA,NA,NA
"10",NA,NA,NA
"11",316.775724755549,314.883288649647,318.66816086145
"12",317.810181616516,315.845278411169,319.775084821863
"13",318.068130353956,316.458996679807,319.677264028104
"14",317.643615806175,317.563864606881,317.72336700547
"15",317.608036116193,316.968865481011,318.247206751374
"16",317.462108863713,316.873420154577,318.05079757285
"17",316.951114962587,316.624661108074,317.2775688171
"18",315.681883534963,315.022578632786,316.34118843714
"19",314.303972288228,313.97355464807,314.634389928386
"20",313.555518345399,313.353461708224,313.757574982575
"21",313.504628181178,312.650391067536,314.358865294821
"22",314.847387311363,314.380138757719,315.314635865007
"23",316.397758177246,316.377829686859,316.417686667634
"24",317.712714538671,317.267207600761,318.15822147658
"25",318.383245274437,317.915526333398,318.850964215475
"26",318.490270008862,318.191028218933,318.789511798791
"27",318.623002671082,317.852447928831,319.393557413333
"28",318.646953506793,318.146108437127,319.147798576459
"29",318.089561610725,318.042908517523,318.136214703928
"30",317.0000004461,316.452423957697,317.547576934503
"31",315.542312719753,314.864125524162,316.220499915344
"32",314.404135726454,314.128389272169,314.67988218074
"33",314.270724086427,313.927293366814,314.614154806041
"34",315.392780531129,315.024294972189,315.761266090069
"35",317.072502116767,317.007807596781,317.137196636753
"36",318.514795240809,318.151283479756,318.878307001862
"37",319.417885267033,319.032904913465,319.802865620601
"38",319.734916067724,319.625036374331,319.844795761118
"39",319.625591951389,319.221276466647,320.029907436131
"40",319.381230491536,319.219357718292,319.543103264781
"41",318.460188110356,318.415228364061,318.505147856651
"42",317.246236374653,317.062407792912,317.430064956394
"43",315.968020688359,315.504417343351,316.431624033367
"44",314.887015492764,314.694088952966,315.079942032563
"45",315.14924670964,314.782142833229,315.516350586051
"46",316.310246850213,316.043535359574,316.576958340852
"47",317.867577723314,317.840319284679,317.89483616195
"48",319.306941014933,319.029248599398,319.584633430467
"49",320.171288872935,319.990845485734,320.351732260135
"50",320.59851507333,320.587089628027,320.609940518632
"51",320.577537580755,320.422473598963,320.732601562548
"52",320.102456164444,319.943879458793,320.261032870096
"53",319.204998200659,319.0736634869,319.336332914418
"54",318.135228772037,317.880625320943,318.389832223131
"55",316.820658803375,316.628608378391,317.012709228358
"56",316.051646480893,315.837536132376,316.26575682941
"57",315.934063947027,315.680410924133,316.187716969921
"58",317.034822900691,316.817142493017,317.252503308366
"59",318.592272874663,318.543663768117,318.640881981208
"60",320.084329852661,319.756985807482,320.41167389784
"61",320.877850390079,320.549194593285,321.206506186872
"62",321.122421722267,321.036819835853,321.208023608681
"63",321.207190615447,320.876627985218,321.537753245675
"64",320.983762693795,320.83101946046,321.13650592713
"65",320.101937780937,319.989249875039,320.214625686835
"66",318.714895572243,318.42326154505,319.006529599435
"67",317.269071949042,316.944970791848,317.593173106237
"68",316.279121930464,316.191376508975,316.366867351953
"69",316.298979649333,316.051827746955,316.546131551711
"70",317.471608404656,317.221233424876,317.721983384436
"71",319.160574692266,319.039260723128,319.281888661404
"72",320.804582867328,320.588599704354,321.020566030303
"73",321.719516215741,321.430787683091,322.008244748392
"74",321.938688013369,321.889836422549,321.987539604189
"75",321.763172458736,321.623234491625,321.903110425847
"76",321.206409737044,321.011352297018,321.40146717707
"77",320.302974426824,320.264157636082,320.341791217566
"78",319.07170767231,318.967158442656,319.176256901965
"79",317.863365154762,317.538435793188,318.188294516335
"80",316.8771505057,316.852976554984,316.901324456416
"81",317.007308057364,316.791672098568,317.22294401616
"82",318.180788864637,318.035959862789,318.325617866486
"83",319.741153714175,319.659278784924,319.823028643427
"84",321.088390223001,320.913255550621,321.26352489538
"85",322.017069465828,321.714591627617,322.319547304039
"86",322.19926386336,322.180792919349,322.217734807371
"87",322.100517925417,322.084754906353,322.116280944481
"88",321.437115893149,321.323109922156,321.551121864142
"89",320.494834671589,320.260522522262,320.729146820916
"90",319.602770800216,319.396513697032,319.809027903399
"91",318.267446400978,318.149140693521,318.385752108435
"92",317.524995948269,317.467149297539,317.582842598999
"93",317.532977637343,317.191224418145,317.874730856541
"94",318.791088793158,318.63125655705,318.950921029266
"95",320.239211843685,320.142986682413,320.335437004957
"96",321.686012531756,321.661886216499,321.710138847014
"97",322.685362943428,322.611554940309,322.759170946546
"98",323.069443365438,322.870490832524,323.268395898352
"99",323.212991892458,323.01599691712,323.409986867796
"100",322.755191054955,322.510627372282,322.999754737629
"101",321.951772036489,321.844610921486,322.058933151491
"102",320.812379329802,320.704771989695,320.91998666991
"103",319.548743337711,319.328844375643,319.768642299778
"104",318.627211617827,318.500292732659,318.754130502995
"105",318.571069543491,318.279123025117,318.863016061864
"106",319.907122305985,319.627621441631,320.186623170338
"107",321.74031291842,321.662139228832,321.818486608008
"108",323.361990449442,323.158609210802,323.565371688081
"109",324.223260370903,323.945442997885,324.501077743921
"110",324.36248147412,324.349042136753,324.375920811487
"111",324.27629392662,324.108009723585,324.444578129655
"112",323.831628499283,323.771834650991,323.891422347576
"113",322.801608235452,322.743653746226,322.859562724678
"114",321.466316591749,321.341066990196,321.591566193301
"115",320.257402894873,320.041202959364,320.473602830382
"116",319.442896309285,319.412707812836,319.473084805734
"117",319.653188574672,319.411952449947,319.894424699398
"118",321.009842461826,320.795950530561,321.223734393092
"119",322.765647982532,322.721801393894,322.80949457117
"120",324.13165912171,323.912630962371,324.350687281049
"121",324.854277248187,324.640068711963,325.068485784412
"122",324.986944232083,324.979632939203,324.994255524963
"123",324.829067648878,324.665892598411,324.992242699345
"124",324.362406879205,324.143644385846,324.581169372565
"125",323.61959166592,323.505953653504,323.733229678336
"126",322.603778966675,322.479012027891,322.72854590546
"127",321.39100657305,321.178575696121,321.603437449979
"128",320.522943212763,320.464082715943,320.581803709583
"129",320.606215870108,320.455064601815,320.757367138401
"130",321.743695397136,321.509197585349,321.978193208923
"131",323.495578322382,323.388117343806,323.603039300958
"132",325.113180701132,324.966096167022,325.260265235242
"133",325.968177350086,325.898817777137,326.037536923034
"134",326.366924941736,326.305227456466,326.428622427007
"135",326.313557024252,326.098314759783,326.52879928872
"136",325.918631509699,325.742881149665,326.094381869732
"137",325.041859189768,324.867454896464,325.216263483072
"138",324.048720965119,323.970215027246,324.127226902992
"139",322.822338015348,322.730991289197,322.9136847415
"140",322.094781543065,322.030020185381,322.159542900749
"141",322.134933282216,321.988367219612,322.28149934482
"142",323.282507415395,323.113524361101,323.451490469689
"143",324.980687156237,324.970653872104,324.990720440371
"144",326.515901090051,326.409289897679,326.622512282423
"145",327.561787044958,327.422054266756,327.70151982316
"146",327.976199137211,327.945244687691,328.00715358673
"147",328.012948092288,328.001506563113,328.024389621463
"148",327.369844618303,327.311861027183,327.427828209422
"149",326.369385114793,326.365524875075,326.37324535451
"150",325.126157727796,325.039606828828,325.212708626763
"151",323.950989078199,323.782704367222,324.119273789176
"152",323.15229571335,323.1507774183,323.1538140084
"153",323.389518240921,323.273548801592,323.50548768025
"154",324.546210168801,324.431944164026,324.660476173576
"155",326.164848146644,326.163843166613,326.165853126675
"156",327.654530211004,327.465063677215,327.843996744793
"157",328.47722981443,328.225863489891,328.72859613897
"158",328.6056887051,328.446222350869,328.765155059331
"159",328.249878305181,328.120881664694,328.378874945668
"160",327.879977112974,327.747582733834,328.012371492114
"161",327.142777475524,327.105059089145,327.180495861903
"162",326.102433061435,325.979964643509,326.22490147936
"163",324.927237853601,324.629427530221,325.225048176982
"164",323.865847803804,323.809808767337,323.92188684027
"165",323.935516111049,323.772284059709,324.09874816239
"166",325.116051808538,324.947786049498,325.284317567578
"167",326.765500987376,326.764656789985,326.766345184766
"168",328.165934147174,328.065682840679,328.266185453669
"169",329.068292357136,328.822453525213,329.314131189059
"170",329.118498852532,329.006672653414,329.23032505165
"171",329.2403354547,329.086560323643,329.394110585757
"172",328.874563517363,328.834753963225,328.914373071501
"173",327.873370940627,327.84083055977,327.905911321484
"174",326.733718407828,326.657726812799,326.809710002857
"175",325.584459743252,325.464605992766,325.704313493739
"176",324.846840663661,324.807919244286,324.885762083035
"177",325.111635649422,324.858874141987,325.364397156857
"178",326.478236510852,326.283683892799,326.672789128906
"179",328.15007818917,328.079502737549,328.220653640791
"180",329.612511376589,329.60303428999,329.621988463188
"181",330.589099252585,330.537073193312,330.641125311857
"182",330.90599165317,330.799399274715,331.012584031625
"183",330.900723862707,330.618132836494,331.18331488892
"184",330.695528108398,330.450277660306,330.940778556491
"185",330.039787909998,329.892066467046,330.187509352951
"186",329.079478943971,329.038576200372,329.120381687571
"187",328.113316725609,328.006563429909,328.220070021309
"188",327.344085862489,327.315131911301,327.373039813676
"189",327.434552521751,327.306893949137,327.562211094365
"190",328.568756645917,328.556253991797,328.581259300037
"191",329.966039771923,329.858222855773,330.073856688072
"192",331.261515552903,331.165251844468,331.357779261337
"193",332.373881340846,332.218278446164,332.529484235527
"194",332.862315125278,332.825454903051,332.899175347504
"195",332.956010169703,332.915494839338,332.996525500068
"196",332.583284305772,332.510186210151,332.656382401394
"197",331.489210478433,331.417006095105,331.561414861761
"198",330.204808985754,330.018450907012,330.391167064496
"199",328.833884813692,328.574492431663,329.093277195721
"200",327.78624735205,327.699730155165,327.872764548935
"201",327.814837525241,327.732137057777,327.897537992706
"202",328.932806780437,328.822769070606,329.042844490268
"203",330.607872082784,330.587160416716,330.628583748852
"204",332.196938002746,332.072277418422,332.32159858707
"205",333.165847532726,332.952256365757,333.379438699694
"206",333.340215820589,333.311566719279,333.368864921898
"207",333.221877625738,333.101311811886,333.342443439591
"208",332.808992409402,332.70164070646,332.916344112345
"209",331.935501869788,331.92806803483,331.942935704745
"210",330.694728617563,330.570620589938,330.818836645188
"211",329.355618500368,329.213379753911,329.497857246825
"212",328.491869590058,328.466684142177,328.517055037939
"213",328.612903394408,328.487653778254,328.738153010562
"214",329.79524164693,329.664078586504,329.926404707356
"215",331.482284691282,331.464550546616,331.500018835947
"216",333.015240539459,332.971675903741,333.058805175178
"217",334.10922959243,334.012681200071,334.205777984788
"218",334.488081141837,334.463247329543,334.51291495413
"219",334.430364059254,334.374975328975,334.485752789533
"220",333.795938062437,333.762737102471,333.829139022403
"221",332.679030132497,332.617190786209,332.740869478785
"222",331.524732968419,331.387933612693,331.661532324145
"223",330.16696854894,329.970343438292,330.363593659588
"224",329.232113790203,329.154398078749,329.309829501656
"225",329.331365115108,329.199705143933,329.463025086284
"226",330.664549310842,330.511235751333,330.817862870351
"227",332.538463556829,332.519005830262,332.557921283396
"228",334.162200341385,333.997320591265,334.327080091505
"229",334.985288663174,334.979664463895,334.990912862454
"230",335.524570497716,335.428295031705,335.620845963726
"231",335.549769743282,335.330774595283,335.76876489128
"232",335.17420612276,335.016558434477,335.331853811043
"233",334.181750840771,334.071452735994,334.292048945549
"234",332.936086296106,332.87680893776,332.995363654451
"235",331.535947530103,331.497267064324,331.574627995882
"236",330.783862719524,330.707574020261,330.860151418786
"237",331.124984832311,330.923767349971,331.326202314652
"238",332.567007693801,332.405603504688,332.728411882915
"239",334.450335165795,334.372430977143,334.528239354447
"240",336.243633557511,336.089045266301,336.39822184872
"241",337.152958615289,337.076428369065,337.229488861513
"242",337.618929014575,337.607918915259,337.629939113892
"243",337.562481862971,337.490208622718,337.634755103225
"244",336.98837059889,336.830770499039,337.145970698742
"245",336.177374620553,336.141564309726,336.213184931381
"246",334.948328742077,334.865631643991,335.031025840164
"247",333.662151984297,333.464066892795,333.860237075799
"248",332.655651262825,332.618071292371,332.693231233279
"249",332.816043781034,332.673461054783,332.958626507286
"250",334.199733030886,334.093046230371,334.306419831402
"251",336.022993179479,336.005203482879,336.040782876079
"252",337.730050087945,337.572243342834,337.887856833055
"253",338.673692648046,338.612564717616,338.734820578476
"254",339.217881564628,339.177400418893,339.258362710364
"255",339.06061091254,339.038081311403,339.083140513676
"256",338.371076381264,338.237285273858,338.504867488669
"257",337.505649787995,337.500490094719,337.510809481272
"258",336.201005120108,336.13339510156,336.268615138656
"259",334.95519520242,334.809293725122,335.101096679717
"260",334.083824997703,334.067971234512,334.099678760893
"261",334.386267981722,334.248609993969,334.523925969476
"262",335.750690237539,335.593137092529,335.908243382549
"263",337.659795195356,337.624138770214,337.695451620497
"264",339.33796700801,339.190114873297,339.485819142723
"265",340.203345540169,340.174756198615,340.231934881723
"266",340.734412212193,340.705547079652,340.763277344735
"267",340.681012670293,340.563323428835,340.79870191175
"268",340.192384673921,340.025136819954,340.359632527888
"269",339.393763039312,339.392847852931,339.394678225692
"270",338.055545876904,338.00347357697,338.107618176838
"271",336.829345080433,336.735885432923,336.922804727943
"272",336.082353451129,336.072483494237,336.092223408022
"273",336.380622018238,336.251101115389,336.510142921088
"274",337.747464031097,337.664241063069,337.830686999126
"275",339.498496393034,339.468246145122,339.528746640946
"276",341.050426190781,340.977955333015,341.122897048547
"277",342.17620256941,342.09435775414,342.258047384679
"278",342.663419174261,342.644168917872,342.682669430651
"279",342.574376285587,342.508757760106,342.639994811068
"280",342.033783906569,341.961012478978,342.10655533416
"281",341.063026477145,341.022413978118,341.103638976172
"282",339.67427501759,339.497486046264,339.851063988917
"283",338.180186992724,338.004302398077,338.35607158737
"284",337.283594795551,337.254538541521,337.312651049581
"285",337.577408979735,337.434580155541,337.72023780393
"286",339.101385197882,338.990662514302,339.212107881461
"287",341.032520356596,341.022226015513,341.042814697679
"288",342.68732925211,342.551676882067,342.822981622152
"289",343.617065950839,343.502908239177,343.7312236625
"290",343.918833647774,343.911609051584,343.926058243964
"291",343.771684605812,343.650705152902,343.892664058722
"292",343.255136296014,343.179879432153,343.330393159876
"293",342.185513896739,342.16662435875,342.204403434729
"294",340.872736675867,340.762987014067,340.982486337667
"295",339.505913919988,339.334323241873,339.677504598104
"296",338.595817792408,338.553086573828,338.638549010988
"297",338.851528129409,338.747125985611,338.955930273207
"298",340.295886325534,340.211764909201,340.380007741868
"299",342.193938860208,342.122496482915,342.265381237502
"300",343.73234680868,343.616839935673,343.847853681687
"301",344.770654851182,344.571071164201,344.970238538163
"302",344.901329414797,344.853107495088,344.949551334506
"303",344.920740130039,344.767585876857,345.07389438322
"304",344.536254771802,344.385496560605,344.687012982998
"305",343.668127046186,343.596314373397,343.739939718975
"306",342.427446048203,342.40581677143,342.449075324976
"307",341.149292744,341.039672073031,341.258913414969
"308",340.195621784693,340.170376809506,340.22086675988
"309",340.401352311487,340.238872414572,340.563832208401
"310",341.788686872042,341.616558319767,341.960815424317
"311",343.761271479508,343.715121911829,343.807421047187
"312",345.521654573596,345.422134617419,345.621174529773
"313",346.571423880916,346.428642210185,346.714205551647
"314",346.878587042497,346.873355509553,346.883818575442
"315",346.83082429038,346.722649791843,346.938998788917
"316",346.437455530504,346.364136725028,346.510774335981
"317",345.495756474759,345.491136302185,345.500376647333
"318",344.220993934744,344.130608122139,344.311379747349
"319",342.905594777675,342.703109267431,343.108080287919
"320",341.835643188034,341.813401597921,341.857884778147
"321",342.042304271269,341.900509044093,342.184099498445
"322",343.489398230442,343.327361686804,343.65143477408
"323",345.512342074833,345.471938179237,345.552745970429
"324",347.049300097717,346.930644524245,347.16795567119
"325",348.011293912048,347.975153162505,348.04743466159
"326",348.56330059847,348.533599915327,348.593001281613
"327",348.383017741612,348.293114487938,348.472920995286
"328",347.86028609859,347.791375481439,347.92919671574
"329",346.835291127871,346.818704125446,346.851878130296
"330",345.457967135246,345.400075344663,345.515858925828
"331",344.232094844705,344.10511836226,344.359071327151
"332",343.41105607728,343.374019538722,343.448092615838
"333",343.633827132481,343.521176683928,343.746477581034
"334",345.048578842054,344.939352188691,345.157805495418
"335",346.952129730524,346.900692753106,347.003566707943
"336",348.463392166806,348.30839830999,348.618386023621
"337",349.318294574366,349.147201094234,349.489388054497
"338",349.486427428317,349.449398916878,349.523455939755
"339",349.523463047817,349.41178592341,349.635140172223
"340",349.129243968802,349.024996291419,349.233491646185
"341",348.265498122928,348.251784225279,348.279212020577
"342",346.917830659453,346.809081887338,347.026579431569
"343",345.513666639908,345.475605955147,345.55172732467
"344",344.873710604347,344.826641738473,344.92077947022
"345",344.971948962667,344.848147975207,345.095749950127
"346",346.310835574347,346.194815225614,346.426855923079
"347",348.134477799733,348.084806455594,348.184149143871
"348",349.86151732947,349.71594424888,350.007090410061
"349",350.693879633734,350.570054766668,350.8177045008
"350",350.968900343975,350.925144768323,351.012655919626
"351",351.024252727498,350.887739339939,351.160766115057
"352",350.71436435995,350.610039471071,350.818689248828
"353",349.865952925416,349.834782847835,349.897123002997
"354",348.654913946507,348.581590736456,348.728237156558
"355",347.344795066833,347.239753588156,347.44983654551
"356",346.481067003922,346.46721373854,346.494920269305
"357",346.721142362081,346.563818782825,346.878465941338
"358",348.13945340617,348.010037776273,348.268869036067
"359",349.983262216098,349.93175694884,350.034767483356
"360",351.693606268382,351.68682770464,351.700384832123
"361",352.911135091041,352.846592778287,352.975677403796
"362",353.333845193191,353.288935914358,353.378754472025
"363",353.342179035364,353.232904851607,353.45145321912
"364",352.883213943687,352.77799504811,352.988432839264
"365",351.976567917325,351.886984936651,352.066150897999
"366",350.914557345924,350.850036223546,350.979078468302
"367",349.646292461759,349.555347927157,349.737236996361
"368",348.873080256236,348.840953923286,348.905206589187
"369",349.247719043408,349.128806123363,349.366631963453
"370",350.646503132025,350.551295201666,350.741711062384
"371",352.477227401365,352.423334795555,352.531120007175
"372",354.275583699095,354.150531063479,354.400636334711
"373",355.206052788481,355.05130733862,355.360798238341
"374",355.419741540077,355.392425201787,355.447057878366
"375",355.469781794374,355.421452833586,355.518110755162
"376",354.955698692857,354.904456480011,355.006940905702
"377",354.028960486967,354.024148225874,354.03377274806
"378",352.825860990093,352.70055440235,352.951167577837
"379",351.502890694018,351.323917103949,351.681864284086
"380",350.579196742558,350.53869912371,350.619694361405
"381",350.838414825183,350.758364212246,350.918465438119
"382",352.21208207378,352.133814958167,352.290349189394
"383",354.061436041317,354.029402675293,354.093469407341
"384",355.632626691939,355.560109254034,355.705144129845
"385",356.717684792324,356.596985351051,356.838384233598
"386",357.001751052509,356.918547882232,357.084954222786
"387",356.646085907899,356.563947313446,356.728224502351
"388",356.147527281797,356.124098911496,356.170955652097
"389",355.063540909458,355.036366408587,355.090715410329
"390",353.741250930763,353.652473179469,353.830028682057
"391",352.513708840048,352.367762307811,352.659655372285
"392",351.706240378803,351.695797527934,351.716683229672
"393",352.086392094375,351.967441125964,352.205343062786
"394",353.594172315787,353.505301104661,353.683043526913
"395",355.447628659438,355.374335460955,355.52092185792
"396",356.805959029988,356.676341707091,356.935576352886
"397",357.596246949954,357.552182875969,357.640311023939
"398",358.010537515693,357.932498920551,358.088576110835
"399",358.084990559724,357.959583569437,358.210397550011
"400",357.662174782157,357.606104501869,357.718245062445
"401",356.590398674213,356.542470520604,356.638326827821
"402",355.090299371468,354.942021973862,355.238576769074
"403",353.563855475749,353.406982628683,353.720728322815
"404",352.651577590772,352.61561488309,352.687540298453
"405",352.96415428233,352.86341497125,353.064893593409
"406",354.510565078464,354.43807292002,354.583057236908
"407",356.465312958113,356.439733514402,356.490892401823
"408",358.139617549061,358.017450115529,358.261784982593
"409",359.084605453269,358.939482657552,359.229728248986
"410",359.231372615084,359.214639915586,359.248105314582
"411",358.976202234416,358.903643678724,359.048760790109
"412",358.314455866533,358.194553967754,358.434357765313
"413",357.370370430023,357.327875055621,357.412865804426
"414",355.824430756272,355.720265493122,355.928596019422
"415",354.378464937582,354.211607504791,354.545322370372
"416",353.382613388533,353.37525702243,353.389969754637
"417",353.745092790114,353.677629991861,353.812555588368
"418",355.159258843637,355.111118789465,355.207398897808
"419",357.01758638102,357.015527705641,357.019645056399
"420",358.763536942311,358.59359061587,358.933483268752
"421",359.564181003217,359.436404657911,359.691957348522
"422",359.781520719277,359.721858230013,359.84118320854
"423",359.414869496826,359.324568806047,359.505170187605
"424",358.833585769645,358.753716101505,358.913455437784
"425",357.774931478632,357.723222097952,357.826640859312
"426",356.185275818713,356.121980107629,356.248571529796
"427",354.839350525003,354.745512734723,354.933188315284
"428",354.024565101885,354.013513311576,354.035616892195
"429",354.363406042629,354.242349248289,354.484462836969
"430",355.829716985,355.704911051036,355.954522918964
"431",357.786708954299,357.734401597167,357.839016311432
"432",359.539448613286,359.468051594532,359.61084563204
"433",360.478612318696,360.422361407866,360.534863229526
"434",360.760562363049,360.706582149207,360.81454257689
"435",360.617836315532,360.499287285512,360.736385345553
"436",360.013464484356,359.922085044314,360.104843924397
"437",358.902691237343,358.847997468663,358.957385006022
"438",357.610114216764,357.592932896535,357.627295536993
"439",356.408133364244,356.330607386616,356.485659341872
"440",355.656450833956,355.608085458638,355.704816209274
"441",356.140236569039,355.981721206507,356.298751931571
"442",357.758334427672,357.619152223285,357.897516632059
"443",359.780340076574,359.764447100979,359.796233052168
"444",361.411364690072,361.348692402389,361.474036977756
"445",362.368153879243,362.307053010122,362.429254748363
"446",362.640807011138,362.566048793918,362.715565228357
"447",362.601780102206,362.478506641928,362.725053562484
"448",362.074145400693,361.947884693241,362.200406108146
"449",361.150341971842,361.094999023766,361.205684919918
"450",359.927161330051,359.836035884126,360.018286775977
"451",358.526343969508,358.48615936068,358.566528578336
"452",357.93370757457,357.927366652675,357.940048496465
"453",358.324731068709,358.198119912313,358.451342225106
"454",359.890018515482,359.80123203244,359.978804998524
"455",361.811605134312,361.782596372081,361.840613896543
"456",363.571069934013,363.533943647031,363.608196220995
"457",364.713611195517,364.652718149568,364.774504241467
"458",365.080225115481,365.023135155364,365.137315075599
"459",364.670062869792,364.618656605625,364.721469133959
"460",363.955822534559,363.848177184268,364.06346788485
"461",363.04493185166,362.988605702543,363.101258000777
"462",361.925656056404,361.864870290716,361.986441822092
"463",360.731087082024,360.598546063199,360.863628100849
"464",359.915698791253,359.87838395951,359.953013622997
"465",360.218079649265,360.143473356123,360.292685942406
"466",361.659595001247,361.595220214797,361.723969787696
"467",363.545510182501,363.49504280183,363.595977563172
"468",365.084468274047,364.967767097542,365.201169450553
"469",366.013387504365,365.847183028991,366.179591979738
"470",366.106003013829,366.079057447534,366.132948580124
"471",366.102159307306,366.042827360734,366.161491253878
"472",365.55708622832,365.553459243952,365.560713212688
"473",364.388734145139,364.380067216073,364.397401074205
"474",363.078560011156,362.987451030795,363.169668991517
"475",361.766864344158,361.604640791744,361.929087896571
"476",360.812426296734,360.811595262984,360.813257330483
"477",361.203457545118,361.062440192724,361.344474897512
"478",362.831195880687,362.661612234536,363.000779526838
"479",365.013417825538,364.98535354128,365.041482109795
"480",366.705733983847,366.626438959378,366.785029008316
"481",367.581795400349,367.544489575449,367.61910122525
"482",367.886719966164,367.802407818777,367.971032113551
"483",367.839862546589,367.667758095888,368.011966997289
"484",367.445642615451,367.277611434356,367.613673796546
"485",366.637079027037,366.508507858376,366.765650195699
"486",365.628563451745,365.593663096129,365.663463807361
"487",364.598474021058,364.535730897255,364.66121714486
"488",363.846656280155,363.786701214368,363.906611345942
"489",364.323753373433,364.194273823205,364.45323292366
"490",365.82749460575,365.686659645158,365.968329566343
"491",367.883285130597,367.851235599832,367.915334661362
"492",369.646682197631,369.584456288175,369.708908107087
"493",370.734271888529,370.62062943574,370.847914341319
"494",371.001123815807,370.99992598372,371.002321647894
"495",370.927306995434,370.923790159699,370.930823831169
"496",370.2399674932,370.233516304699,370.2464186817
"497",369.170421151228,369.140407801001,369.200434501455
"498",368.13130228604,367.999254032245,368.263350539836
"499",366.82678385057,366.610718043961,367.042849657179
"500",365.819907862165,365.771756355894,365.868059368435
"501",366.178369869572,366.120460397158,366.236279341986
"502",367.656946728087,367.609624615306,367.704268840867
"503",369.551863519076,369.52392229374,369.579804744411
"504",371.192610160389,371.0164514928,371.368768827978
"505",371.893711206786,371.755947453619,372.031474959953
"506",372.037143510016,372.014043648278,372.060243371753
"507",371.835004420503,371.807904001422,371.862104839585
"508",370.982143348272,370.90592971524,371.058356981303
"509",370.105709623505,370.079649011952,370.131770235058
"510",368.818972659789,368.745970991455,368.891974328123
"511",367.656830863571,367.587303851593,367.726357875549
"512",367.095563890686,367.088630673559,367.102497107814
"513",367.495569303151,367.403191762039,367.587946844264
"514",368.926709866787,368.848263806684,369.00515592689
"515",370.711714063788,370.698881124495,370.724547003081
"516",372.168334343893,372.098990911181,372.237677776604
"517",373.034017008794,372.970457244594,373.097576772995
"518",373.283879144451,373.274825643286,373.292932645616
"519",373.093292630674,373.013820997762,373.172764263586
"520",372.56415232598,372.49534036582,372.63296428614
"521",371.643058912738,371.629111857734,371.657005967741
"522",370.386796948614,370.305453145946,370.468140751282
"523",369.193276915401,369.087272405525,369.299281425278
"524",368.51177216397,368.505316081688,368.518228246252
"525",368.943388985161,368.858123683511,369.028654286811
"526",370.402194223955,370.314800123823,370.489588324087
"527",372.277895576952,372.251623058852,372.304168095051
"528",373.919940001598,373.844984966726,373.994895036471
"529",374.776480089933,374.708197476569,374.844762703297
"530",374.975422212785,374.970789963247,374.980054462324
"531",374.704220503074,374.594615009928,374.813825996219
"532",374.207679036215,374.071570423021,374.343787649409
"533",373.455506761035,373.398051602215,373.512961919854
"534",372.382893977668,372.327729234354,372.438058720982
"535",371.200530793118,371.153936356555,371.247125229682
"536",370.643113356466,370.633492557514,370.652734155419
"537",370.981213866939,370.850242027373,371.112185706504
"538",372.543238810481,372.414661630387,372.671815990576
"539",374.538479227959,374.503291629106,374.573666826812
"540",376.208495965566,376.149977551462,376.267014379669
"541",377.13988888381,377.068941281492,377.210836486129
"542",377.366550285542,377.329208327849,377.403892243235
"543",377.270656634864,377.134203079878,377.40711018985
"544",376.937366450369,376.799676937474,377.075055963264
"545",376.24127000511,376.194270104012,376.288269906209
"546",375.15096581818,375.072048536884,375.229883099475
"547",373.877466987735,373.805116559968,373.949817415502
"548",373.219465264032,373.212367831226,373.226562696839
"549",373.581782140105,373.47171959899,373.691844681221
"550",375.119972448839,375.031243329131,375.208701568547
"551",377.052873636091,377.047486310386,377.058260961796
"552",378.684966680443,378.60200538434,378.767927976546
"553",379.661210830255,379.581758565635,379.740663094875
"554",380.00415109004,379.969009006028,380.039293174052
"555",380.040072759621,379.981199455377,380.098946063865
"556",379.52506665829,379.508338124311,379.541795192268
"557",378.440774827532,378.342402449009,378.539147206056
"558",376.855443197766,376.769848855764,376.941037539767
"559",375.631259806258,375.491544923992,375.770974688525
"560",374.85732334547,374.817170275006,374.897476415934
"561",375.266581708018,375.176375254551,375.356788161485
"562",376.914629214911,376.854570078158,376.974688351664
"563",378.892962725276,378.849326057919,378.936599392634
"564",380.465123757141,380.391099897397,380.539147616884
"565",381.473531425629,381.402752222347,381.544310628911
"566",381.769650522673,381.717347247217,381.821953798129
"567",381.72579399914,381.653064905865,381.798523092415
"568",381.076699686468,380.962988276755,381.190411096181
"569",380.15859465742,380.100310339003,380.216878975836
"570",378.973705140546,378.950297624788,378.997112656304
"571",377.802068476282,377.69178494134,377.912352011224
"572",376.949784311641,376.944763692947,376.954804930336
"573",377.363956135559,377.265457445983,377.462454825135
"574",378.933960093733,378.816585702722,379.051334484744
"575",381.08447055893,381.055001260606,381.113939857253
"576",382.953970005065,382.877856140727,383.030083869403
"577",384.014637083766,383.880789159839,384.148485007694
"578",384.141143032433,384.094512895916,384.187773168949
"579",384.155120041192,384.068184932174,384.242055150209
"580",383.650886856759,383.611262351797,383.690511361722
"581",382.538900969979,382.531074392178,382.546727547781
"582",381.172270696844,381.096723006423,381.247818387264
"583",379.872552303778,379.771296352868,379.973808254687
"584",379.136070693423,379.13547007723,379.136671309617
"585",379.623743264475,379.571722016599,379.675764512351
"586",381.099130491777,381.027932988367,381.170327995186
"587",383.129334740117,383.105716936411,383.152952543823
"588",384.829419138682,384.737781966424,384.92105631094
"589",385.852608064176,385.727241511902,385.97797461645
"590",386.033492636481,385.987575679569,386.079409593394
"591",386.06996294993,386.02177130697,386.118154592891
"592",385.429700364786,385.363837494196,385.495563235375
"593",384.412598001284,384.404017305083,384.421178697485
"594",383.091435169588,382.983393764817,383.199476574359
"595",381.628071559304,381.563575206847,381.692567911762
"596",380.978242088444,380.964360450429,380.992123726459
"597",381.471763504296,381.376050869545,381.567476139047
"598",383.06322465226,382.976534124798,383.149915179722
"599",385.098069234988,385.056856401772,385.139282068203
"600",386.98039553575,386.867147366349,387.09364370515
"601",387.8445201255,387.667582004956,388.021458246044
"602",387.74686913351,387.694561731607,387.799176535414
"603",387.366301116174,387.252042986474,387.480559245874
"604",387.016759022504,386.944466000313,387.089052044695
"605",386.14377551545,386.122761525071,386.16478950583
"606",385.013909278355,384.924193151374,385.103625405337
"607",383.741331393604,383.686868758037,383.795794029171
"608",383.191229974851,383.1717220654,383.210737884302
"609",383.534080442183,383.470546182364,383.597614702002
"610",384.904807604018,384.841396374144,384.968218833892
"611",386.715997291144,386.694335661397,386.737658920891
"612",388.398196212558,388.309477653558,388.486914771557
"613",389.278365109304,389.234113175891,389.322617042717
"614",389.681788626683,389.669075834802,389.694501418564
"615",389.48249082183,389.419117318032,389.545864325628
"616",388.950384163486,388.899379446347,389.001388880625
"617",387.983942501664,387.979510562493,387.988374440835
"618",386.775689624532,386.711685216995,386.83969403207
"619",385.596216261978,385.513960412033,385.678472111922
"620",384.944409642181,384.895031103886,384.993788180475
"621",385.185586642669,385.105555915885,385.265617369452
"622",386.654212370691,386.580823396318,386.727601345064
"623",388.549569372313,388.53420703536,388.564931709265
"624",390.242265819493,390.238221854375,390.246309784611
"625",391.462434996322,391.434477638584,391.49039235406
"626",391.900467648159,391.847018446662,391.953916849655
"627",391.870828507742,391.763051597278,391.978605418206
"628",391.372582837345,391.298439809398,391.446725865292
"629",390.314683651411,390.303754948058,390.325612354763
"630",388.855748541509,388.807592225421,388.903904857598
"631",387.590113198212,387.519697609192,387.660528787232
"632",386.925819284906,386.895951514916,386.955687054897
"633",387.523336390938,387.414415178785,387.632257603092
"634",389.232184597227,389.179240121401,389.285129073053
"635",391.194123658375,391.181237357648,391.207009959102
"636",393.006367679592,392.897734331223,393.11500102796
"637",393.907176127393,393.783402333201,394.030949921585
"638",394.026908006211,393.95340246105,394.100413551371
"639",393.56620051617,393.507227685928,393.625173346412
"640",392.992770582056,392.922184688285,393.063356475828
"641",392.09957728505,392.060837885647,392.138316684452
"642",391.040754348364,390.954856788892,391.126651907837
"643",389.79003786043,389.72312344435,389.856952276511
"644",389.211241709128,389.191349775163,389.231133643094
"645",389.584181046917,389.518709398604,389.649652695229
"646",391.007730443305,390.927600614777,391.087860271833
"647",392.925476003154,392.907201264702,392.943750741605
"648",394.612760505345,394.542096851838,394.683424158853
"649",395.546474912546,395.438936004272,395.654013820821
"650",395.662702104739,395.614217472102,395.711186737375
"651",395.671646668849,395.571591123995,395.771702213703
"652",395.273272333132,395.232402737973,395.314141928292
"653",394.247990711412,394.237516832045,394.258464590779
"654",393.035212136686,392.974925580671,393.095498692702
"655",391.841797862478,391.773473746853,391.910121978103
"656",391.229249657934,391.212526947494,391.245972368375
"657",391.605188845222,391.477027414178,391.733350276267
"658",393.293310651835,393.195812005728,393.390809297942
"659",395.299416054852,395.276092163269,395.322739946434
"660",397.003078957147,396.98419120839,397.021966705903
"661",398.114780475342,398.051139818838,398.178421131845
"662",398.352366688442,398.347014574229,398.357718802655
"663",398.108769143544,397.953688617639,398.263849669449
"664",397.846991948225,397.776243085081,397.91774081137
"665",396.878417138701,396.837503078371,396.91933119903
"666",395.746913407042,395.696278563804,395.797548250281
"667",394.574412260866,394.470389709937,394.678434811794
"668",393.826200397804,393.814534069986,393.837866725622
"669",394.26911867402,394.186825212897,394.351412135143
"670",395.865214627224,395.775238563032,395.955190691416
"671",397.965491154249,397.954838944271,397.976143364228
"672",399.675177497762,399.521706954412,399.828648041111
"673",400.382119014317,400.32574559755,400.438492431084
"674",400.791117821817,400.736925048314,400.84531059532
"675",400.897653245419,400.816514698447,400.978791792391
"676",400.449746511513,400.37621204233,400.523280980696
"677",399.532700484114,399.49296973959,399.572431228638
"678",398.055107260642,397.961051575478,398.149162945807
"679",396.648328498546,396.532043312032,396.764613685059
"680",395.802815396636,395.782001714433,395.82362907884
"681",396.372194124624,396.289086499377,396.45530174987
"682",398.003676133275,397.920765613639,398.08658665291
"683",400.121611999815,400.108666909377,400.134557090252
"684",401.866243539642,401.721348277026,402.011138802258
"685",402.637312280764,402.537152279884,402.737472281644
"686",402.877798677967,402.841113738626,402.914483617309
"687",402.906559001361,402.810544853945,403.002573148777
"688",402.510476923318,402.484108183861,402.536845662775
"689",401.38880951867,401.381637085722,401.395981951618
"690",400.032363084398,399.932110728499,400.132615440297
"691",398.595804836483,398.508035690901,398.683573982066
"692",397.860001345862,397.820953001639,397.899049690086
"693",398.493397048127,398.342162446145,398.644631650108
"694",400.375430943009,400.241719648924,400.509142237093
"695",402.638089204159,402.631013357924,402.645165050393
"696",404.289061615086,404.273753656607,404.304369573564
"697",405.436128035304,405.384904181072,405.487351889535
"698",405.700241330348,405.542035848107,405.85844681259
"699",406.035570545259,405.883381833772,406.187759256747
"700",405.674843315861,405.570549826188,405.779136805534
"701",404.684038028654,404.659314282226,404.708761775082
"702",403.098295799275,403.023620581601,403.172971016949
"703",401.676580768196,401.620131782802,401.733029753591
"704",401.085566007173,401.040153872891,401.130978141456
"705",401.864614732373,401.712995010206,402.01623445454
"706",403.942420220505,403.896790249186,403.988050191824
"707",406.06503265397,406.055603126644,406.074462181296
"708",408.009811578122,407.87068667539,408.148936480853
"709",408.848149373803,408.702096224363,408.994202523244
"710",408.880862913935,408.866597669146,408.895128158724
"711",408.770781552742,408.688440172205,408.853122933279
"712",408.283133683565,408.229705734099,408.336561633032
"713",407.273625865825,407.259883919785,407.287367811865
"714",405.935765610491,405.863740237218,406.007790983764
"715",404.697360448521,404.578794770146,404.815926126896
"716",403.940083177899,403.912404707592,403.967761648205
"717",404.416894363414,404.354178320358,404.47961040647
"718",406.069035424911,406.002988874858,406.135081974963
