"","V1","V2","V3","V4"
"1",NA,NA,NA,NA
"2",NA,NA,NA,NA
"3",NA,NA,NA,NA
"4",NA,NA,NA,NA
"5",NA,NA,NA,NA
"6",NA,NA,NA,NA
"7",NA,NA,NA,NA
"8",NA,NA,NA,NA
"9",NA,NA,NA,NA
"10",7.86085344618707,1.77761990139781,4.72961207640981,5.59156335927151
"11",2.01214769648398,0.408285063959957,1.45210294212551,1.3175806309837
"12",1.24403142790643,0.228410532737152,1.01442199025137,0.777241645977026
"13",2.49963858833932,0.418773122560792,2.18742612384478,1.58722509853846
"14",2.78970460611886,0.430663817435165,2.51083013736024,1.89509374007227
"15",2.49115662366943,0.358461464292545,2.242617141207,1.82843611366886
"16",1.76352566686036,0.239367629307795,1.57402218145994,1.37003814677412
"17",0.684898843474247,0.0886513591219433,0.609773437785249,0.547690790272383
"18",0.723289086094459,0.0900881837712973,0.647899061224027,0.583372022738632
"19",1.76037558259586,0.212418647928755,1.58863394743959,1.42093853903511
"20",2.36897206494455,0.278081832176829,2.14177408660752,1.9160588174824
"21",2.17372925932326,0.248595059617879,1.95928286369186,1.76548203499398
"22",1.39555538796719,0.155431598797314,1.25685168152168,1.13586376716609
"23",0.433145319978074,0.0469346007359688,0.393021826067219,0.351808017385392
"24",0.827135592017259,0.0871515456970101,0.761799949552725,0.66975908795906
"25",1.56382516614355,0.160302591731347,1.46365677038297,1.26886852545466
"26",1.96633158739752,0.196390778635611,1.86140563365604,1.61233863395208
"27",1.95405294681671,0.190578518040092,1.85933423012414,1.62891891899653
"28",1.46598131971991,0.139969600676604,1.39725693681455,1.24231139987472
"29",0.642385807998894,0.0601961578227918,0.613459951708821,0.550807141820971
"30",0.623495490808828,0.0574774134038311,0.597664961181345,0.538014618510731
"31",1.58013728356715,0.143589180023329,1.52139366409096,1.36787946979095
"32",2.14288651215596,0.192233270115077,2.06998652945823,1.85990753004135
"33",2.04130943814197,0.180927195280266,1.97547204786419,1.77692678667013
"34",1.38465383896809,0.121291848825291,1.34250189582938,1.20839006701794
"35",0.510264589869028,0.0441774415377985,0.496513277956579,0.445999369464966
"36",0.692687181446643,0.0592792982876597,0.677770768160647,0.606155172382734
"37",1.44331791543849,0.122136458157536,1.42092952269368,1.26590574005786
"38",1.85719793563092,0.155501653277311,1.83763513910447,1.6361267343845
"39",1.86036696452876,0.154249385237358,1.84680535914272,1.64900048659789
"40",1.3686805385526,0.112475647579841,1.36151077060432,1.22087993711876
"41",0.581854515747736,0.047433187074356,0.579891112081675,0.521677941402069
"42",0.586034278137458,0.0474307193274739,0.585349971986929,0.527237810909103
"43",1.47130527501388,0.118310551495142,1.4730328161821,1.32670555970054
"44",1.9255639792163,0.153926071608524,1.93170921682416,1.73951146484553
"45",1.823821350761,0.144990564213938,1.83254546921287,1.65047787986098
"46",1.24225446819008,0.0982361298962104,1.25012558579021,1.12595552718666
"47",0.446815095447988,0.0351524966053232,0.450533218455402,0.405506119218079
"48",0.654002675052487,0.0511969654042988,0.661085961376412,0.594243881148621
"49",1.36352508664851,0.10623369675204,1.38192791641843,1.24079979589853
"50",1.76454528315904,0.136866290718577,1.7924672591434,1.6091127598024
"51",1.72402042758077,0.13317412791891,1.75432751955913,1.57624070112603
"52",1.25194896613016,0.0963454631635768,1.27560631095508,1.14766071374764
"53",0.523337263910067,0.0401367005583371,0.533839321249732,0.480823363570591
"54",0.597128663631058,0.0456542609045014,0.609828010599553,0.549549838211569
"55",1.38832021494427,0.10584718929151,1.41950585245683,1.27930377402894
"56",1.86864707663803,0.14210024115628,1.91263527728573,1.723687239989
"57",1.77620859059321,0.134746017538497,1.81968641217464,1.63994414329769
"58",1.21306617359368,0.0918154686256002,1.24386356412929,1.12094474759898
"59",0.426441449846069,0.0322065019079053,0.437701820210974,0.394349627885057
"60",0.631318465934863,0.0475804948432732,0.648714421356652,0.584224320936146
"61",1.30125375096842,0.0978790498945502,1.33863556326854,1.20515333273843
"62",1.70428204549299,0.127960367711405,1.75502638849205,1.57995695868424
"63",1.72215452921313,0.129084881894785,1.77489138615797,1.59829410641748
"64",1.28420577567846,0.0961102244246446,1.32441023305894,1.19316061658111
"65",0.518072169366809,0.0387182813382485,0.534605718739418,0.481808242559925
"66",0.620757770772189,0.0463333055419155,0.640932139569927,0.577751587769451
"67",1.45007176394777,0.108107177965074,1.49801601221178,1.35042923432677
"68",1.90483534412679,0.141859231850381,1.96879803949353,1.7748400907697
"69",1.79219189036162,0.133337669049056,1.85320696620857,1.67063280738628
"70",1.20461952487555,0.0895390600480079,1.24617234084028,1.12336769371258
"71",0.407270253562279,0.030245571825436,0.421511043914365,0.379939177919416
"72",0.712266344388737,0.0528517954410458,0.737528030346745,0.664703156036589
"73",1.39606378609902,0.103510445918051,1.4462693808015,1.30333233942857
"74",1.75515630956364,0.130041345100136,1.81905984686958,1.6392697089654
"75",1.6867721184152,0.124891959887955,1.74881939316923,1.57612231970613
"76",1.21178146341804,0.0896684440766669,1.25673725814266,1.13279884791354
"77",0.470453902853637,0.0347930789644183,0.488038390864107,0.439965300782875
"78",0.639717013753608,0.0472873893805271,0.663795547769658,0.598455638621714
"79",1.46082603932706,0.10793355920217,1.51617097320542,1.36696873045992
"80",1.87646437043633,0.138584663385307,1.94798162106138,1.75629797807144
"81",1.74713539742232,0.12898280670117,1.81408658638308,1.63557573043948
"82",1.17330454622031,0.0865879952554651,1.21849998848268,1.09858199226046
"83",0.430181587935699,0.0317358634921185,0.44683888690454,0.402851223488424
"84",0.706853268780735,0.0521301408461975,0.734369119164348,0.662049875528567
"85",1.37860738198499,0.101641526003808,1.43254816427675,1.29143622645681
"86",1.73413203010569,0.127818523505457,1.80229690886903,1.62476457148856
"87",1.66019785461463,0.122338338176196,1.72571417110286,1.55577582452418
"88",1.19485663046593,0.0880276621956742,1.2421675256144,1.11990001068159
"89",0.51819681578627,0.0381687187232066,0.538776001721187,0.485765063959173
"90",0.66705375982475,0.0491237110960149,0.693617012316859,0.625388287069381
"91",1.38163159343294,0.101729575618214,1.43679044165209,1.29547422924119
"92",1.79404843682377,0.132074815617298,1.8658391806904,1.68232993096447
"93",1.63710047426083,0.120502860498018,1.70275121399137,1.5352812963805
"94",1.09816551415648,0.0808221736996965,1.14229372847232,1.02994128156174
"95",0.374151219083921,0.0275330701683421,0.389216224194968,0.350930634508323
"96",0.701394662306145,0.0516081813562642,0.729692360519533,0.65790747498016
"97",1.36023830885783,0.100074537184181,1.41522174018037,1.27598607711683
"98",1.74940031050644,0.128692770166955,1.82023650170666,1.64115563661714
"99",1.7150911409722,0.12615727023254,1.78464213566878,1.60908066098843
"100",1.31264806576714,0.0965466164202635,1.36594786520135,1.23159426237936
"101",0.706793233176527,0.0519814117642584,0.735525342960554,0.663189264206882
"102",0.733511098135224,0.05394264717535,0.763360611202566,0.688293672526889
"103",1.43681473404242,0.105657138750676,1.49534111680681,1.34829945788673
"104",1.8876823473825,0.138803940920304,1.96464245984788,1.77145585249032
"105",1.81006760647547,0.13308970955876,1.88392389968132,1.69867439468478
"106",1.32641887732554,0.0975234156291106,1.38058283207736,1.24482573117088
"107",0.771224562240001,0.0567007951853291,0.80274111223003,0.723802749232444
"108",0.86063454150172,0.0632715736501862,0.895830830690045,0.807735428289903
"109",1.38685249029994,0.101953737854399,1.44360849018843,1.30164202041432
"110",1.74581793901692,0.128338298595818,1.81730959325889,1.63859389488872
"111",1.72894869796828,0.127094057499169,1.7997888047014,1.62280198692453
"112",1.27194317258868,0.0934970559742791,1.32408357605026,1.19388257083014
"113",0.584341582308159,0.042952186549541,0.608305604033802,0.548491756275796
"114",0.739009043337353,0.0543197232822952,0.769327855431777,0.69368318988959
"115",1.46402927406531,0.107608804747744,1.52411452849518,1.37425733944392
"116",1.85499731770085,0.136342863530596,1.93115334512049,1.74127560123212
"117",1.72388388976016,0.12670359461068,1.79467860736797,1.61821958731846
"118",1.20131531987392,0.08829383383519,1.25066384089271,1.1276936718871
"119",0.564926028037239,0.0415200581449143,0.588138876777808,0.530310247015579
"120",0.7697811062341,0.0565753392693655,0.801419874628696,0.722619655489743
"121",1.37031484679343,0.100710408823888,1.42665023575497,1.28637296754804
"122",1.69337888971534,0.1244522412137,1.76301163528888,1.5896616451202
"123",1.62947452801008,0.119754329896429,1.69649286636269,1.52968522633638
"124",1.23931303182342,0.0910794044985323,1.2902934066563,1.16342724529822
"125",0.71284873072052,0.0523880788217753,0.74217703324029,0.669204627950772
"126",0.746226486558515,0.0548405807520319,0.776932361194527,0.700543506949967
"127",1.41126543009054,0.103713839205167,1.46934395717622,1.32487722740597
"128",1.81775416258201,0.133585729921552,1.89256998064574,1.70649186343345
"129",1.7263430932381,0.126867154359635,1.79740433672398,1.62068298439678
"130",1.24911717633051,0.0917957680949947,1.30053970018487,1.17267005777487
"131",0.760063383852076,0.055855621473963,0.791356048751354,0.713549364126963
"132",0.880997186531534,0.0647424886090279,0.917272226613513,0.827085116312625
"133",1.46818452730793,0.107893053694171,1.52864228560636,1.3783444429662
"134",1.83433672659772,0.134800050647281,1.90987810684208,1.72209692405414
"135",1.87840920498111,0.138038274008853,1.95577099849496,1.76347826333437
"136",1.57946731497749,0.116069584205206,1.64452127762261,1.48283160855024
"137",1.30903149808186,0.0961958851942307,1.36294990589634,1.22894500313399
"138",1.26023070159404,0.092609426237219,1.31214160665053,1.18313258955493
"139",1.70920176049204,0.125602221620487,1.77960969087975,1.60463980995446
"140",2.05738349526121,0.151188303108522,2.14213775469265,1.93152456698087
"141",2.08101932085444,0.152924860483893,2.16675054352145,1.95371747781765
"142",1.79149921687735,0.131649047406471,1.86530579721728,1.68191045009662
"143",1.39021502431481,0.102160324781092,1.44749135706149,1.30517507548012
"144",1.34202886678903,0.098619182995729,1.3973217315399,1.25993797860253
"145",1.67121350484008,0.12280917057819,1.74007115803025,1.56898844207806
"146",2.03480728763886,0.149527656070622,2.11864808250345,1.91034400090583
"147",1.98404800804172,0.145797424992658,2.06579932595822,1.86269153238255
"148",1.63580355818171,0.120206600094538,1.7032071408692,1.53574938723858
"149",1.17559240008823,0.0863880101186905,1.22403381716374,1.10368811699753
"150",1.15152744820988,0.0846195230201956,1.19897805877583,1.0810959402802
"151",1.59478746501761,0.117192200188367,1.66050437019364,1.49724562921827
"152",1.96851143903609,0.144655012351072,2.04962966249385,1.84811266302712
"153",1.94010850242521,0.142567732441085,2.02005735118298,1.82144787702731
"154",1.5663865519532,0.115104916735874,1.63093569289062,1.47058414896509
"155",1.11215281771748,0.0817257897108167,1.15798399521385,1.04413244149088
"156",0.997523750303004,0.0733023093126453,1.03863157888012,0.936514583789105
"157",1.36447304692963,0.100267260108735,1.42070337992083,1.28102153666386
"158",1.63995447477284,0.120510745476192,1.70753809847709,1.53965503550721
"159",1.60982985956074,0.118297011337086,1.67617256903563,1.51137338720366
"160",1.25211788917574,0.092010808170811,1.30371930043613,1.17553931796312
"161",0.722864161364537,0.0531190335529712,0.752654527799016,0.678654549466664
"162",0.708345375368837,0.0520521166927598,0.73753756922426,0.665023894771609
"163",1.42320857788643,0.10458315945214,1.48186188656282,1.33616730451737
"164",1.83364900938092,0.134743957175846,1.90921776401208,1.721506170803
"165",1.68287308247098,0.123664301195382,1.75222833328561,1.57995172375004
"166",1.15296981381689,0.084724853016779,1.20048667141683,1.0824565178023
"167",0.492262432816903,0.036173413435453,0.512549915095221,0.462156728370618
"168",0.735895921840952,0.054076567053558,0.766224317562361,0.690890215666646
"169",1.3908022878318,0.102201681153987,1.44812145905897,1.30574418218722
"170",1.70149484520204,0.125032586040151,1.7716188110481,1.59743573557364
"171",1.65620632569267,0.121704588993988,1.72446399440321,1.55491713411964
"172",1.19097577386981,0.0875175975015515,1.24005989113862,1.11813897536279
"173",0.547645648585419,0.0402431577204879,0.570216016124122,0.514153200619924
"174",0.678047608785523,0.0498256017766269,0.705992345306546,0.636580204704206
"175",1.40235294447727,0.103050393211089,1.46014896341115,1.31658925074331
"176",1.76707718775226,0.129851749472968,1.83990492407106,1.65900816646067
"177",1.68872303410146,0.124093969684539,1.75832161079068,1.58544600685991
"178",1.37381652541172,0.10095340115108,1.43043670751333,1.28979826577912
"179",1.09094020568532,0.0801665396167661,1.13590204096593,1.02422181427449
"180",1.27962858720152,0.0940320918406468,1.33236705855018,1.20137067656224
"181",1.68333874828,0.123698279812331,1.75271576247654,1.58039130954185
"182",2.08776415363239,0.153417024209371,2.1738092165795,1.96008347411806
"183",2.44647324125212,0.179776353926449,2.54730222225608,2.29685520302465
"184",2.60875670716614,0.191701565276266,2.71627412636221,2.44921404981385
"185",2.66188972193252,0.195605978055799,2.77159704526153,2.49909771290171
"186",2.75927922259619,0.202762529310145,2.87300043661051,2.59053128213372
"187",2.80827794044095,0.206363138606329,2.92401865952239,2.63653347511606
"188",3.00333979739427,0.220697033075707,3.12711988558273,2.81966609292927
"189",3.20353800815343,0.235408366468336,3.33556915877304,3.00762094376568
"190",2.97146267833776,0.218354568291948,3.09392909250064,2.7897385701209
"191",2.47649090483879,0.181982124425213,2.57855750325845,2.3250375504342
"192",2.25783539174622,0.16591446888818,2.35089031386356,2.11975426070551
"193",2.20611731374447,0.162114021800204,2.29704074840238,2.07119910461958
"194",2.40636691298383,0.176829133008057,2.50554351374897,2.25920218833608
"195",2.48040875778228,0.182270011015461,2.58263696716452,2.32871593058836
"196",2.03750688616165,0.149723869707256,2.12148124470961,1.91290035790192
"197",1.52441451950086,0.112019860993741,1.58724216529571,1.43118687390527
"198",1.17185431796269,0.0861123760609824,1.2201514591622,1.10018798187233
"199",1.49412977104854,0.109794418543289,1.55570927713379,1.40275425517181
"200",1.88879578726768,0.138795998423635,1.96664118856959,1.77328395307551
"201",1.80863204368985,0.132905256312791,1.88317356392492,1.6980227413479
"202",1.34894170173671,0.0991254367663591,1.4045374101848,1.2664453819738
"203",0.790911494103214,0.0581192253606563,0.823508374115426,0.742542256056444
"204",0.817570596326887,0.0600782385827818,0.851266217377142,0.767570989371834
"205",1.43219203251356,0.10524299005539,1.4912188686183,1.3446044480473
"206",1.78633594660343,0.131266849019207,1.85995859483535,1.67709023332697
"207",1.70481217719366,0.125276167707437,1.77507488406164,1.60055216332298
"208",1.27787209238571,0.0939029648084,1.33053875028767,1.19972216119942
"209",0.626659904073754,0.0460493840073587,0.652487281822371,0.588335703938891
"210",0.735234673377609,0.0540278761616788,0.765536891201725,0.690270444326526
"211",1.54598270909431,0.113604764733225,1.60969938261649,1.4514361373156
"212",1.94912241808191,0.143229023072246,2.02945423738346,1.82992132032109
"213",1.76786977445487,0.129909880316633,1.84073138701672,1.65975341952228
"214",1.21112774296814,0.0889983312330921,1.26104359410966,1.1370596667411
"215",0.547520273512201,0.0402338983945861,0.570085970496991,0.51403596721981
"216",0.797603466313198,0.0586109744461374,0.830476183053577,0.748825001996181
"217",1.45852309714692,0.107177894070539,1.51863519599366,1.36932524602681
"218",1.80728436377532,0.132806214834816,1.88177043819695,1.69675757233879
"219",1.72207076961941,0.126544391595604,1.79304482213595,1.61675532685534
"220",1.22226439797296,0.0898166946057484,1.2726392498163,1.14751525517527
"221",0.623758226245665,0.0458361563503491,0.649466026483945,0.585611494634365
"222",0.78598276163544,0.057757039820476,0.818376544049196,0.737914981916962
"223",1.69424778081856,0.124499850660603,1.76407513290635,1.5906338950728
"224",2.15637874873934,0.158459013482649,2.24525253832699,2.0245026552409
"225",1.8704559569188,0.137448305695871,1.94754562028774,1.75606583769108
"226",1.19045967657315,0.0874795607010026,1.23952372256199,1.11765559765334
"227",0.481921045695252,0.0354134139701429,0.501783118423474,0.452448550117225
"228",0.985247513418156,0.0723997807228817,1.02585387039777,0.924993446866752
"229",1.61401676657536,0.118604166288954,1.68053745388691,1.5153095162207
"230",1.91297729581351,0.140572936962164,1.99181945440589,1.79598673444565
"231",1.92523166827468,0.141473435366412,2.00457888389086,1.80749167590984
"232",1.69753792966841,0.124741622752147,1.76750089125996,1.59372283821585
"233",1.50570754778824,0.110645187684705,1.56776434091776,1.41362408784396
"234",1.39091018349178,0.10220943534369,1.44823567557214,1.30584730275003
"235",1.85381434654602,0.136225415402312,1.93021814425862,1.74044197361939
"236",2.35169196470185,0.172811379573151,2.44861547729353,2.20787125365586
"237",2.71017535570967,0.199154119253075,2.82187353748868,2.54443113779421
"238",2.8288925421732,0.207877915124218,2.94548357907268,2.65588802435455
"239",2.837938900761,0.208542676336832,2.95490277818347,2.66438114184432
"240",2.3842948495828,0.17520716491753,2.48256207146629,2.2384802692993
"241",2.47248062042486,0.181687394836064,2.57438236410895,2.32127292764774
"242",2.74267579449035,0.201542376423388,2.85571346380341,2.57494397301242
"243",2.88984073235317,0.212356622598006,3.00894371299208,2.71310885255053
"244",3.1173187146609,0.229072580474438,3.24579705858917,2.92667513032576
"245",3.00119158936503,0.220539112205396,3.12488382664582,2.81764990713843
"246",2.73815745238563,0.201210351149453,2.85100890220312,2.57070195702348
"247",2.46209118368887,0.180923938888974,2.56356473480253,2.31151887167697
"248",2.66712918214242,0.195990920366039,2.7770532465564,2.50401751122111
"249",2.96503167329994,0.217881942280356,3.08723360313294,2.78370139754299
"250",2.97761614335874,0.218806697572589,3.10033673445322,2.79551624852629
"251",2.79237656335063,0.205194580076388,2.9074626209165,2.62160523030562
"252",2.28482806591594,0.167897962494508,2.37899582899873,2.14509650556065
"253",2.42858550666623,0.178461812673459,2.52867814308599,2.28006227766609
"254",2.5663166286815,0.18858282575129,2.6720857674732,2.40937027821269
"255",2.56425669414878,0.188431453822948,2.66994093412312,2.4074363216888
"256",2.68678888310581,0.197435590786828,2.79752321090082,2.52247489921745
"257",2.42754247702746,0.178385166809365,2.52759212598913,2.27908303618333
"258",2.22356066385047,0.163395797878756,2.31520332968158,2.08757598971585
"259",2.16628659842937,0.159187079052196,2.25556874943281,2.033804592501
"260",2.51354370709208,0.184704868266799,2.61713784329608,2.35982475207167
"261",2.8018467554794,0.205890486169575,2.91732312206804,2.63049626174113
"262",3.00744351347847,0.220998527450731,3.13139342228039,2.82351948916495
"263",2.92176602757928,0.214702615940546,3.04218479228472,2.74308171868136
"264",2.4200739703827,0.177836352157031,2.51981580986396,2.27207127588416
"265",2.63687997519704,0.19376809204837,2.74555733900134,2.47561823440428
"266",2.95386443281536,0.217061330318827,3.07560611340688,2.77321710533648
"267",3.3007553794872,0.242552212538627,3.43679395416715,3.09889349604206
"268",3.69206046680591,0.271306816798402,3.84422643668938,3.46626782427284
"269",3.48349133604614,0.255980354117638,3.62706125929624,3.27045400338275
"270",3.2975423907398,0.242316109747774,3.43344854418794,3.0958770017957
"271",3.20881134080282,0.235795810599469,3.34106049938129,3.01257241182747
"272",3.46617890138039,0.254708169761809,3.60903530351291,3.25420033270645
"273",3.8726194858309,0.284574988619158,4.03222708324632,3.63578452753805
"274",3.95892954833389,0.290917384286087,4.12209436118212,3.71681618867872
"275",3.6450712693917,0.267853869657091,3.79530060899145,3.42215231102961
"276",3.37825098827212,0.248246888195233,3.51748349636994,3.17164976276007
"277",3.28195454895791,0.241170655111514,3.41721825936667,3.08124245438698
"278",3.39745447089065,0.249658034025032,3.53747843858089,3.18967883206163
"279",3.60658851148265,0.265026008449821,3.75523180827343,3.38602301506703
"280",3.67701850266682,0.270201475342005,3.82856452764343,3.45214577079206
"281",3.29328378859984,0.242003171251674,3.42901442660356,3.09187884005055
"282",2.58228756028329,0.189756431205099,2.68871493204593,2.42436448818254
"283",2.32874395707414,0.171125071150123,2.42472168731847,2.18632666572396
"284",2.55066975516341,0.187433033161819,2.6557940188133,2.39468031006227
"285",2.86938414104829,0.21085339322078,2.98764401940397,2.69390331330714
"286",2.94509231802003,0.216416721525047,3.06647246169214,2.76498146066471
"287",2.66147460577772,0.195575400159505,2.77116562227513,2.49870874946451
"288",2.17112591795663,0.159542690837061,2.26060751901215,2.03834795778948
"289",2.1394137915815,0.157212361705636,2.22758839712339,2.00857522674096
"290",2.42727688062712,0.178365649701751,2.52731558391077,2.27883368334796
"291",2.74806838080333,0.201938644115268,2.86132830576379,2.58000677232493
"292",2.72612150338154,0.200325903071144,2.83847690147522,2.55940208404012
"293",2.54174673107057,0.18677733499688,2.64650323787885,2.38630298486011
"294",2.13088928106786,0.156585947854547,2.21871255423495,2.00057204349445
"295",2.02255418046445,0.148625067594413,2.10591249000571,1.89886231342131
"296",2.28398809910663,0.167836238402442,2.37812124460948,2.1443079090734
"297",2.39431856365858,0.175943745686977,2.49299891047151,2.2478909740842
"298",2.23984897805151,0.164592725860628,2.33216295720224,2.10286817197082
"299",1.58874930583122,0.11674741534729,1.65422861793362,1.49158732629431
"300",1.3028931039722,0.095741601147638,1.35659103093836,1.22321302314296
"301",1.62358533877043,0.11930730115903,1.69050039625271,1.52429291744199
"302",1.97647404149745,0.145238921583523,2.05793318684824,1.85560026382433
"303",2.10772143998843,0.154883485699784,2.19458986504014,1.97882106114027
"304",2.18102805382272,0.160270337899495,2.27091776525996,2.04764451599796
"305",2.1330883747671,0.156747545724638,2.22100228222152,2.00263664883938
"306",2.0584175293708,0.151260444537643,2.1432539244876,1.93253239373291
"307",2.07068796901664,0.152162123681419,2.15603008265371,1.94405241907449
"308",2.49443152547812,0.183300431534737,2.59723796560507,2.34188140071406
"309",2.99130792788078,0.219812822454049,3.11459281914732,2.80837069631371
"310",3.4574805180962,0.254068979050542,3.59997842202596,3.24603391031616
"311",3.48068490141041,0.255774126468472,3.62413915953187,3.26781920012862
"312",3.02082704455313,0.22198200078947,3.14532854781059,2.83608453395476
"313",2.62088144408098,0.192592458359386,2.72889943876793,2.4605981141127
"314",2.82820004655999,0.207827027403004,2.94476254819233,2.655237884421
"315",3.2532737127092,0.239063076836797,3.38735536047325,3.05431563120306
"316",3.35820499540054,0.246773831452535,3.49661132055996,3.15282970816971
"317",3.15822748253108,0.232078713935048,3.28839185917701,2.9650820738224
"318",2.72032700010287,0.199900100660463,2.83244358138167,2.55396195098539
"319",2.20892794032215,0.162320528967794,2.29996752819199,2.07383814954539
"320",2.46630970654222,0.181233932015874,2.56795712343831,2.31547940729826
"321",2.86867109777877,0.21080099605155,2.9869015885564,2.69323387715627
"322",3.29551514927498,0.242167140216249,3.43133775151268,3.0939737391233
"323",2.86365077949835,0.210432083737099,2.98167436098834,2.6885205828101
"324",2.31586973565193,0.170179023792233,2.4113168629424,2.17423978369953
"325",2.49405909769658,0.183273064107226,2.59685018844893,2.34153174922999
"326",2.61585500364773,0.192223096165399,2.72366583672844,2.45587907202378
"327",2.9282007950981,0.215175467387457,3.04888476523679,2.7491229603082
"328",2.97272934905459,0.218447596957838,3.09524853578269,2.7909283140518
"329",2.63046246279655,0.193296508499312,2.73887533319907,2.46959319347532
"330",2.38326793936214,0.175131703269878,2.48149284159853,2.23751616475056
"331",2.22210845471558,0.16328908390757,2.31369126926963,2.08621259285929
"332",2.42302374001768,0.178053112553597,2.52288715279184,2.27484064897679
"333",2.70628833360243,0.198868485399931,2.81782631999565,2.54078183694793
"334",2.86064345088445,0.210211093652885,2.97854308720148,2.68569717119401
"335",2.32748863122635,0.171032824969315,2.42341462405459,2.18514811097421
"336",1.62790606761165,0.119624804947642,1.6949992012458,1.52834940663526
"337",1.62829283443337,0.119653226062672,1.69540190842096,1.5287125202413
"338",2.0068698305306,0.147472521178534,2.08958171938285,1.88413715982132
"339",2.21282361842656,0.162606798392345,2.30402376424199,2.07749558251394
"340",2.28421610392424,0.167852993072922,2.37835864651877,2.14452196998156
"341",1.87263192352465,0.13760820298373,1.94981128073233,1.75810874233319
"342",1.41566334815605,0.104028392831743,1.47400903043383,1.32908665997175
"343",1.82589393294693,0.134173715504542,1.90114701301248,1.71422907286827
"344",2.11601635059459,0.155493027664213,2.20322664522234,1.98660868597087
"345",2.30028740444541,0.169033974106373,2.3950923156711,2.15961040972892
"346",2.40128036238942,0.176455325457965,2.50024763541122,2.2544270151947
"347",2.40125847962246,0.176453717428004,2.50022485075966,2.25440647069612
"348",1.69334540191878,0.124433539160334,1.76313557691742,1.5897867154266
"349",1.70174240601209,0.125050583347828,1.7718786582992,1.59767019008086
"350",2.12127862687353,0.155879719983853,2.20870580293733,1.99154914106749
"351",2.56066326282026,0.188167394572612,2.66619940271371,2.40406265213213
"352",2.78949865165508,0.204983099912811,2.90446609942854,2.61890332242708
"353",2.70849129712087,0.199030367640182,2.82012007728244,2.54285007543777
"354",2.29999367813172,0.169012389966052,2.39478648361059,2.15933464662067
"355",2.16552575647268,0.159131169409035,2.25477655039641,2.03309028131733
"356",2.53300624656595,0.186135050544487,2.63740251977769,2.37809703579681
"357",3.17435396370495,0.233263749855078,3.30518298322079,2.98022231958206
"358",3.64532902876034,0.267872810791319,3.79556899194603,3.42239430698277
"359",3.79174568600529,0.278632070439332,3.94802012043368,3.55985666778726
"360",3.80421930807205,0.279548680209646,3.96100783505707,3.57156744967059
"361",3.62312850621422,0.266241430927237,3.77245348870442,3.40155148555995
"362",4.05513117139652,0.297986649885175,4.22226087439373,3.80713447964817
"363",4.67920285870262,0.343845840014526,4.87205328720537,4.39304027112397
"364",5.17618334981342,0.380365879772794,5.38951651940741,4.85962728975519
"365",5.63110956504962,0.413795609439588,5.86319223497406,5.28673191510943
"366",5.20663481576691,0.382603570722862,5.42122302354476,4.8882164576729
"367",4.78688652854818,0.351758850634492,4.98417507236664,4.49413840951611
"368",5.14098175495854,0.377779131064043,5.35286411276756,4.82657849309582
"369",5.86243531284032,0.430794315943228,6.10405192923648,5.50391064329866
"370",6.33766527461467,0.465716043070843,6.59886819759617,5.95007731381106
"371",6.59177082031669,0.484388696822488,6.86344654493843,6.1886427124684
"372",5.74449704444227,0.422127757943553,5.98125290863678,5.39318503933908
"373",4.82773537796919,0.354760581349514,5.02670748164873,4.53248909572368
"374",5.13122848287976,0.377062423083626,5.34270886566089,4.81742169474552
"375",5.42132874129511,0.398380106897598,5.64476542535951,5.08978050379179
"376",5.62284497849067,0.413188295802297,5.85458702863279,5.27897275982724
"377",5.45908948358308,0.401154911611916,5.68408245309839,5.12523193997607
"378",4.59830791965704,0.337901368464777,4.78782431368221,4.31709256471149
"379",3.62805829913478,0.266603691089714,3.77758645996669,3.4061797907398
"380",3.58690910679382,0.263579890020674,3.73474132931847,3.36754712946462
"381",3.99643970636554,0.293673775084772,4.1611504772236,3.75203236562619
"382",4.27369436327608,0.314047514647278,4.44983201196017,4.01233116222557
"383",3.87895332390891,0.28504042340374,4.03882196676265,3.64173101194994
"384",3.4260892795163,0.251762229989461,3.56729341312522,3.21656244276497
"385",2.89908642933028,0.213036031706512,3.01857046903656,2.72178912051875
"386",2.64963807025295,0.194705605957249,2.75884125136214,2.48759609232925
"387",3.02357717301023,0.222184090815566,3.14819202110167,2.83866647482089
"388",2.8902155623747,0.212384166251625,3.00933399483008,2.71346076268679
"389",2.46985895946599,0.181494744784467,2.57165265661007,2.31881160115784
"390",1.99400085074096,0.14652685900068,2.07618235261475,1.87205519881849
"391",1.91197456768072,0.140499251937298,1.99077540743869,1.79504533716993
"392",2.21661717572899,0.162885563587316,2.30797367064371,2.08105714000666
"393",2.38974187557385,0.175607433025975,2.4882335970555,2.24359417917994
"394",2.45656548139533,0.180517888838711,2.55781129612874,2.30633110260473
"395",1.72419799223078,0.126700706272505,1.79525973750368,1.6187524764338
"396",1.31432455189326,0.096581627949072,1.36849361886435,1.23394536636846
"397",1.78578276855774,0.13122619272558,1.85938269199101,1.67657095762859
"398",2.19974989435324,0.161646090816303,2.29041121478221,2.06522139862386
"399",2.60813124019082,0.191655524291627,2.71562374317706,2.44862766512151
"400",2.59955342887079,0.191025193693043,2.70669240271144,2.44057444073589
"401",1.98148225397973,0.145606944316673,2.06314780969291,1.8603021927252
"402",1.37025304863978,0.100691469203077,1.42672717373482,1.28645348493697
"403",2.08581373365248,0.153273623097507,2.17177924625336,1.95825314838765
"404",2.52044033561099,0.185211659031371,2.62431871263717,2.36629960906939
"405",2.12977594914335,0.156504135937156,2.2175533370468,1.99952679881297
"406",1.58618161100783,0.116558731245902,1.65155509717699,1.48917666211329
"407",1.05393497080617,0.0774471990851035,1.0973722435365,0.989480240482911
"408",1.56887785796135,0.115287184856199,1.63353818073698,1.47293114203857
"409",2.76416010094011,0.203121125658122,2.87808323614361,2.59511438292952
"410",3.05973751464528,0.224841291928698,3.18584268867251,2.8726153848847
"411",2.57554146965791,0.189260702489036,2.68169080557021,2.41803096335392
"412",1.67866579527384,0.123354825150628,1.74785095943689,1.57600485875089
"413",1.41873143756244,0.104253847852821,1.47720356923235,1.33196711647794
"414",2.23040977124761,0.163899096604645,2.32233471938742,2.09400623184692
"415",3.76554986954611,0.276707100997466,3.92074465973137,3.53526288971973
"416",3.99407623579878,0.293500098168656,4.15868959769097,3.74981343610061
"417",3.43227732055203,0.252216951067436,3.57373649041422,3.22237204630007
"418",2.77193874900743,0.203692730664285,2.88618247634131,2.6024173179051
"419",2.53960387162512,0.186619869433314,2.64427206184033,2.38429117472477
"420",3.98556830120597,0.292874902380999,4.14983101387832,3.74182581504229
"421",5.19499225876946,0.381748030813265,5.40910062581942,4.87728591602019
"422",5.76758915293775,0.423824654975611,6.00529674398682,5.41486492064136
"423",5.0022576217968,0.367585147700279,5.20842255094722,4.69633821030433
"424",4.18206152127067,0.307313980649351,4.35442257950136,3.92630224293249
"425",4.45930399029999,0.327686824599425,4.64309142404079,4.18658959701599
"426",5.04638953015598,0.370828130225173,5.25437332839473,4.7377711758153
"427",6.00444747747181,0.441229916517622,6.2519170366937,5.63723787382373
"428",6.0109548774047,0.441708105316826,6.25869263505768,5.64334730545743
"429",4.94552818652275,0.363416450399824,5.14935504736716,4.64307813562013
"430",3.70039240995859,0.271919080024318,3.85290177607034,3.47409021724204
"431",3.09577792748379,0.227489680212159,3.22336848465622,2.90645170054967
"432",3.80097223628897,0.279310072874471,3.95762693723493,3.56851895668218
"433",4.47134785087665,0.328571853840954,4.65563166482219,4.19789690001839
"434",4.16499623473959,0.306059957697246,4.33665395782551,3.91028060565086
"435",3.20670516178674,0.235641040435503,3.33886751576174,3.01059503909952
"436",2.2455536719081,0.165011928726043,2.33810276647194,2.10822398804865
"437",1.51343003584411,0.11121266542445,1.57580511120095,1.42087430183252
"438",1.77715432944357,0.130592141801777,1.85039863713828,1.66847020165581
"439",2.74285657862374,0.201555660824189,2.85590170243698,2.57511370454933
"440",2.67973117641306,0.196916963250088,2.79017462613065,2.51584881640141
"441",1.96599116244865,0.144468599273491,2.04701826248253,1.84575847855108
"442",1.79594982402207,0.131973307102147,1.86996877630751,1.68611623391652
"443",1.56555074816099,0.115042696019388,1.63007394618054,1.46980750585933
"444",1.40185490919513,0.10301369557727,1.45963148527031,1.31612269361509
"445",1.7864020169072,0.131271697478276,1.86002746227512,1.67715233505957
"446",2.25385539871531,0.165621971571757,2.34674664377368,2.11601801222012
"447",2.81998183970734,0.207223121924814,2.93620563307125,2.64752227243843
"448",3.52804152038497,0.259254073143397,3.67344755203766,3.31227966499107
"449",3.82781362577602,0.281282481507742,3.98557457785502,3.59371882694004
"450",3.06158639566896,0.224977154824125,3.18776777017487,2.8743511952436
"451",3.04905565647489,0.224056347867407,3.17472058437739,2.86258678930337
"452",3.32367561078882,0.244236479340058,3.46065882889248,3.12041201188622
"453",4.23979145188814,0.31155619819934,4.41453181321665,3.980501626398
"454",4.80479525333703,0.353074852676837,5.00282189408223,4.51095190351878
"455",4.93922519448476,0.362953282279664,5.14279228144201,4.63716061105716
"456",4.64790699056414,0.341546099141128,4.83946757937347,4.36365834150828
"457",4.28919355482973,0.315186454911301,4.4659699930305,4.02688248105511
"458",3.92904748739007,0.288721535388438,4.09098072995974,3.68876160330628
"459",4.30029441384472,0.316002188767719,4.47752836702879,4.03730445295278
"460",5.10260307738849,0.374958918086273,5.31290368192925,4.79054691224567
"461",5.51614393788058,0.405347492561469,5.74348837115832,5.17879715673299
"462",4.96200283780419,0.364627071199962,5.16650869112979,4.65854525870018
"463",3.95017485455665,0.290274055663804,4.11297884839192,3.70859689952837
"464",3.82077519556785,0.280765270559554,3.97824606313404,3.58711084086129
"465",4.37680375678701,0.321624389832164,4.55719099483956,4.10913476995594
"466",4.74552575285338,0.348719501606058,4.9411096380886,4.45530710453558
"467",4.0988317786021,0.301197938740879,4.26776257487953,3.84816252077484
"468",3.03905510587623,0.22332146890938,3.1643078673208,2.8531978350648
"469",2.0473311402471,0.150445773984106,2.13171061675333,1.9221240068069
"470",2.47133833721338,0.181603455156641,2.57319300598898,2.32020050568212
"471",2.79647639311168,0.205495851217887,2.91173142414896,2.62545433125194
"472",2.50576953465069,0.184133592097278,2.60904326376202,2.35252601955545
"473",2.15090022590862,0.158056429117936,2.2395482377087,2.01935919363115
"474",1.53487772531849,0.112788724216168,1.59813675382513,1.44101033064526
"475",1.98111775211257,0.145580159316218,2.06276828510855,1.8599599824322
"476",2.29262463546503,0.168470884341619,2.38711373044478,2.15241626710781
"477",2.13985062597574,0.157244461976209,2.22804323540362,2.00898534600139
"478",2.91079837527808,0.213896670583311,3.03076511553462,2.73278480755255
"479",2.98994658739527,0.219712785913824,3.11317537186808,2.80709261033814
"480",2.37429870028874,0.174472609053015,2.47215394092929,2.22909545087298
"481",2.44844775402905,0.179921366980276,2.54935900169018,2.29870982515493
"482",3.2997379878495,0.242477450651611,3.43573463174798,3.0979383246487
"483",4.79714775441821,0.352512885015003,4.99485920826342,4.50377209709913
"484",6.32584271422942,0.464847275819336,6.58655837775563,5.93897777710612
"485",7.56560156404812,0.555949528917537,7.87741311562351,7.10291760151587
"486",7.94684519189544,0.583964778400371,8.27436946190054,7.46084579159803
"487",7.40290326801108,0.54399383177016,7.70800931075198,6.950169326197
"488",8.12487859751824,0.597047358437089,8.45974040333851,7.62799133841947
"489",9.45521526052602,0.69480561795415,9.84490606249397,8.87696957493181
"490",10.8583224778692,0.797911337955262,11.3058414690118,10.1942679902013
"491",11.1318426352887,0.818010652118124,11.5906345891892,10.4510606753642
"492",10.4636955600611,0.768912632803234,10.8949502488224,9.82377498223603
"493",9.30154137072897,0.683513068919374,9.6848985991392,8.73269380683957
"494",9.34714387807035,0.68686411671898,9.7323805853891,8.77550743498615
"495",9.35202211237398,0.687222588155798,9.73745987307815,8.78008733468168
"496",9.32172008106206,0.684995878238484,9.70590896243796,8.75163846254044
"497",9.57741410016745,0.7037852591311,9.97214125112454,8.99169518949478
"498",8.13083940058197,0.597485381194063,8.46594687718416,7.63358760100905
"499",5.92355790314808,0.43528583918829,6.16769364899602,5.56129520404669
"500",5.54396713997146,0.407392048564644,5.77245828917659,5.20491879559922
"501",6.08074844506348,0.446836805359102,6.33136270109369,5.70887255893521
"502",6.41847514378425,0.471654263358598,6.68300859514149,6.02594515290381
"503",5.99428925477652,0.440483451206929,6.24134014918331,5.62770089012564
"504",4.0983675834984,0.301163827897605,4.26727924826404,3.84772671411165
"505",2.94293525119406,0.2162582119459,3.06422649275526,2.76295631204811
"506",2.93709534769542,0.215829073354407,3.0581459012749,2.75747355525733
"507",2.62554642071202,0.192935258801145,2.73375667950569,2.46497779818237
"508",3.02355332539657,0.222182338401106,3.14816719062348,2.83864408563831
"509",2.54234083571152,0.186820992091125,2.64712182819515,2.38686075629994
"510",1.95631982804675,0.143757912389015,2.03694833006299,1.83667860687507
"511",1.99229004890929,0.146401142695858,2.07440104115222,1.87044902324343
"512",2.25451082671532,0.16567013494446,2.34742908483007,2.11663335668921
"513",2.58879142678507,0.190234360348316,2.69548685141948,2.43047060254204
"514",2.95111549054949,0.216859327425956,3.07274387557563,2.77063627848706
"515",2.62526046420625,0.192914245616228,2.73345893748081,2.46470932970951
"516",2.07095302960636,0.152181601353581,2.15630606755511,1.94430126955203
"517",2.02091091930757,0.148504314437118,2.10420150287985,1.89731954799967
"518",2.29648206504123,0.168754343117179,2.39113014157599,2.15603779068415
"519",2.72648836326619,0.200352861345493,2.83885888128847,2.5597465081692
"520",3.09703491046754,0.227582048160928,3.22467727340997,2.90763181114425
"521",2.74410963252557,0.201647740048892,2.85720640017414,2.57629012634998
"522",2.03324492872561,0.149410664932524,2.11704385080624,1.90889925542293
"523",1.94392471768643,0.142847071961144,2.02404236295709,1.82504153521517
"524",2.22864435142945,0.163769366759908,2.32049653889213,2.09234877851763
"525",2.36767274236184,0.173985708155987,2.46525489827749,2.2228747118098
"526",2.71677953667033,0.199639419390269,2.82874991145758,2.55063143718192
"527",2.80105456286099,0.205832272756068,2.91649828031017,2.62975251722166
"528",2.16415467431917,0.159030417014011,2.25334895994681,2.03180304943253
"529",2.0676631571197,0.151939848857937,2.15288060502503,1.94121259339133
"530",2.31547720145617,0.170150178868271,2.41090815069548,2.17387125543149
"531",3.00797334408964,0.221037461394988,3.13194509010057,2.82401691785536
"532",4.21912247971512,0.310037362552825,4.39301098224189,3.96109669144205
"533",4.75349339606485,0.349304994703005,4.94940566274748,4.46278747641748
"534",4.13793255783496,0.304071214528771,4.30847486835051,3.88487204224447
"535",3.83528095255257,0.281831209426936,3.99334966584906,3.60072947987338
"536",3.9058752586234,0.287018750810406,4.06685347223153,3.66700650158968
"537",5.27665846600805,0.387749178119056,5.49413265487334,4.95395772274083
"538",6.65392396114694,0.488955948887347,6.92816128871771,6.24699479911419
"539",7.00166422676446,0.514509242332565,7.29023345257883,6.57346856759122
"540",6.31715443583571,0.464208827674903,6.57751201738476,5.93082084140086
"541",5.58518502184202,0.410420897204758,5.81537494035054,5.24361594560865
"542",6.12287161328546,0.449932177925483,6.37522194943162,5.74841963136067
"543",7.75299590703038,0.569719986669088,8.07253079961799,7.27885160569583
"544",9.37641316809498,0.689014936830665,9.76285619095373,8.80298672444382
"545",9.89372152159795,0.727028746175548,10.3014850857227,9.28865842925157
"546",8.89409551089942,0.653572378557346,9.26066011222497,8.35016581551624
"547",8.0830709880507,0.59397517434282,8.41620971931235,7.58874052635247
"548",8.08025830316794,0.593768487429383,8.41328111137575,7.58609985478231
"549",9.42443656295606,0.69254388076513,9.8128588400931,8.84807318766232
"550",10.4532247873104,0.768143200111215,10.8840479297009,9.8139445628777
"551",10.3101872208204,0.757632249060672,10.7351151590869,9.67965464024581
"552",9.24772507446052,0.67955844028803,9.62886429777263,8.68216871444904
"553",8.30843320987176,0.610535657999877,8.65086010460032,7.80032043556897
"554",8.82746298747326,0.648675964214646,9.19128137088884,8.28760828860044
"555",9.5577975715849,0.702343761091303,9.95171623954668,8.97327833460623
"556",9.67543731374768,0.710988382233945,10.0742044303384,9.08372366908122
"557",8.29596876246541,0.609619722418931,8.63788194276527,7.78861826725807
"558",7.203090400297,0.529310813012579,7.49996128027137,6.76257626792123
"559",5.57668811217395,0.409796511571015,5.80652783584803,5.23563867523182
"560",5.21640106846202,0.383321232568936,5.43139178625582,4.89738544279351
"561",6.24608500362996,0.458986372193903,6.50351350283995,5.86409775049124
"562",6.85056418671554,0.503405829686067,7.13290591858485,6.43160924220018
"563",6.1727824338813,0.453599817169136,6.42718981338067,5.79527809239844
"564",5.25710814872579,0.386312545540503,5.47377658345323,4.9356030299165
"565",4.54814225856303,0.334215002560234,4.73559110614274,4.26999484826954
"566",5.31515219416075,0.390577845456558,5.53421287803237,4.99009731810931
"567",6.17752293002996,0.453948167076062,6.43212568612256,5.79972867749061
"568",7.52975782310285,0.553315592841936,7.8400920972425,7.06926593002498
"569",8.21636131379729,0.60376986061869,8.55499352273275,7.71387931311547
"570",7.91740822469293,0.581801636724134,8.2437192684477,7.43320907947304
"571",6.58275817391585,0.483726412868139,6.85406244793527,6.18018124589305
"572",6.76098221862402,0.496823001798771,7.03963188552966,6.34750577302473
"573",8.00789647210262,0.588451061504715,8.33793693255813,7.51816340330511
"574",9.4686376242425,0.695791944913344,9.85888162056265,8.88957107696554
"575",9.79501363627234,0.719775310757009,10.1987090164443,9.19598714988901
"576",8.76664068779307,0.644206507480951,9.12795231804789,8.23050565382569
"577",7.04165312119761,0.517447780244433,7.33187046436436,6.61101189044926
"578",7.75391520583334,0.569787540284239,8.07348798674797,7.27971468361414
"579",8.90470432380007,0.654351954971007,9.27170616073509,8.36012583300398
"580",9.34201547405795,0.686487261848861,9.72704081740271,8.77069266502782
"581",9.14524058208465,0.672027485244286,9.52215597093897,8.58595179123196
"582",8.10791031107968,0.595800463425213,8.44207277955351,7.61206076906663
"583",6.84931838402845,0.503314283308539,7.13160877091673,6.43043962815704
"584",6.94495096320636,0.510341733392056,7.23118278722191,6.52022367562116
"585",7.59511687913894,0.558118427898229,7.90814488602403,7.13062787006465
"586",8.4421955657472,0.620365030866833,8.79013539257704,7.9259023848594
"587",8.0160598070359,0.589050934782753,8.34643671425114,7.52582749913329
"588",6.75376828102151,0.496292893891581,7.0321206299865,6.34073301292901
"589",5.17704749784626,0.380429380697034,5.39041628276271,4.86043858971874
"590",5.90477146575702,0.433905339444921,6.14813294030057,5.54365767506963
"591",6.51342777336021,0.478631748127699,6.7818746381458,6.11509083394658
"592",7.29439854631555,0.536020487099378,7.59503263460065,6.84830034842249
"593",7.31131027597415,0.537263226101332,7.61264137065326,6.86417781979701
"594",5.80379067238623,0.426484881993,6.04299028648898,5.44885249023716
"595",5.10750986046105,0.375319487396539,5.31801269500694,4.79515361477393
"596",5.42556964766742,0.398691745024441,5.64918111804391,5.09376205215425
"597",6.65397786555063,0.488959909990451,6.9282174147578,6.24704540692568
"598",7.73094023996489,0.568099251343389,8.04956612198533,7.25814478093294
"599",8.24266287517704,0.605702600604411,8.58237908656666,7.73857236913885
"600",6.63042507181411,0.487229160033338,6.90369390731177,6.2249330141728
"601",4.31976879898924,0.317433241560467,4.49780537681545,4.05558785736559
"602",3.79032665526788,0.278527794597769,3.9465426052292,3.55852441967505
"603",5.20190905587754,0.382256303692997,5.41630249440794,4.88377970762543
"604",6.06500277401319,0.44567975283277,6.31496808202792,5.69408983437537
"605",6.26287491273218,0.46022015935239,6.52099539757789,5.87986085140006
"606",4.99990780246151,0.367412473929206,5.20597588527305,4.69413209715183
"607",4.44454059442986,0.326601953434886,4.62771956401432,4.1727290753514
"608",4.34338222018355,0.319168446656582,4.52239201044215,4.07775716982716
"609",5.10285019012928,0.3749770768818,5.31316097926759,4.79077891249328
"610",5.81646309424809,0.427416100337596,6.05618499431707,5.46074991406188
"611",6.02770696218554,0.442939112998562,6.27613514656844,5.65907489523924
"612",4.78014422831306,0.35126340045676,4.97715489243094,4.48780844320622
"613",4.34765077168055,0.319482116253616,4.5268364876278,4.08176467264162
"614",4.30578081187853,0.316405350416734,4.483240883537,4.04245532335395
"615",5.10166898058447,0.374890277057036,5.31193108690783,4.78966994131684
"616",5.67090397921215,0.416719856192459,5.90462675110592,5.32409265138459
"617",5.62034328466073,0.413004461708671,5.85198222905138,5.27662406025752
"618",4.71990091928878,0.346836490185456,4.91442869298482,4.43124939017923
"619",3.81597561344908,0.280412578788074,3.97324866923061,3.58260478327647
"620",3.43166775341282,0.252172157727341,3.57310180034541,3.22179975801265
"621",4.29275688754502,0.31544830231731,4.46968018628203,4.0302278936372
"622",5.10117703118025,0.374854126720911,5.31141886211563,4.78920807770259
"623",5.20814993903042,0.382714907813171,5.422800591669,4.88963892165095
"624",5.21235699838734,0.38302405873102,5.42718104235435,4.89358869295517
"625",4.98539881948604,0.366346298003604,5.19086892361009,4.68051042943855
"626",5.86604381916943,0.431059482880286,6.1078091579042,5.50729846684494
"627",7.42347544763465,0.545505554727509,7.7294293599327,6.96948338807466
"628",8.43791607111444,0.620050557126054,8.78567952124111,7.92188460815053
"629",8.16914086982828,0.600299920606967,8.50582691760584,7.66954669530849
"630",7.44224450525074,0.546884777338105,7.74897197255659,6.98710460015894
"631",6.51034531405831,0.478405237151369,6.77866513720557,6.11219688635416
"632",7.06383838307119,0.519078038695544,7.35497007797433,6.63184038448533
"633",8.67820768621845,0.637708110076599,9.03587460544825,8.14748088466205
"634",9.3875757759479,0.689835208229413,9.7744788587298,8.81346666885089
"635",9.5155226841945,0.699237239616339,9.90769901902939,8.9335888215906
"636",7.80666422565177,0.573663741333243,8.12841102453104,7.32923777020007
"637",5.99694657142053,0.440678721064047,6.24410698547607,5.63019569519881
"638",5.00030693089367,0.367441803422963,5.20639146353471,4.69450681637833
"639",5.8139023255926,0.427227925198364,6.05351868517799,5.4583457524625
"640",6.76773489771664,0.497319214654906,7.04666287208102,6.35384548345995
"641",7.29302901997815,0.535919849031715,7.5936066640891,6.84701457720584
"642",5.95467678979808,0.437572574780568,6.20009508115777,5.59051097570141
"643",5.09867185229618,0.374670036532092,5.30881043384574,4.78685610621163
"644",4.94074970264121,0.36306530900804,5.14437962125166,4.63859188598309
"645",5.83581242373378,0.428837963559095,6.07633179435389,5.47891591075335
"646",6.93104389387766,0.509319788398461,7.21670254670139,6.5071671107619
"647",7.13704670586992,0.5244576680916,7.43119563615439,6.70057155942
"648",6.0398608164434,0.443832224999238,6.28878991435203,5.67048546511971
"649",4.5380680072613,0.333474707790813,4.72510165085456,4.26053670058791
"650",5.36676907756216,0.394370852763151,5.58795711910186,5.03855750551721
"651",6.87554588570238,0.505241581101961,7.15891722272022,6.45506315368986
"652",7.40697339668619,0.544292920494355,7.71224718724284,6.95399054098898
"653",7.48550848406895,0.55006398105898,7.79401904928822,7.0277227154612
"654",6.52291682666872,0.479329040295689,6.79175477687033,6.12399957216073
"655",5.59011670920439,0.410783296578115,5.82050988413282,5.24824602937329
"656",5.45720718986817,0.401016593423304,5.68212258182157,5.12346476032147
"657",7.40416732386092,0.544086719460358,7.70932546387557,6.95135607710756
"658",8.88854324027013,0.65316437633642,9.25487900822333,8.34495310104174
"659",9.21204549372071,0.676936567336309,9.59171420535759,8.64867116373796
"660",8.92785062953423,0.656052834624813,9.29580642702918,8.38185659704401
"661",7.96114584830155,0.585015645687642,8.28925951094447,7.47427187321761
"662",8.11198561326341,0.596099932318738,8.44631604277594,7.61588684097476
"663",10.6867813631305,0.785305836446679,11.1272303941791,10.0332176899778
"664",11.8082523928618,0.867715845141374,12.294922153203,11.0861037360157
"665",12.4499840959572,0.914872761218307,12.9631024283443,11.688589522609
"666",11.582410320863,0.851120100245929,12.0597721410113,10.8740733224679
"667",9.88145664568254,0.726127475876065,10.2887147205932,9.27714362738388
"668",9.75343934088812,0.716720271479793,10.155421262396,9.15695538328655
"669",11.1187013350365,0.817044978784323,11.5769516784403,10.438723048002
"670",12.5823608178263,0.924600312364072,13.100934974273,11.8128705780988
"671",12.3318465413754,0.90619155890264,12.840095908105,11.5776768200651
"672",9.65746368446245,0.709667610759334,10.0554900291281,9.06684923989903
"673",8.77010928306029,0.644461393214557,9.13156386930651,8.23376212274856
"674",9.77030027455454,0.717959277796687,10.1729771089312,9.17278516516223
"675",11.1547374224022,0.819693049215391,11.6144729706795,10.4725553027239
"676",12.3643407353868,0.90857935737448,12.8739293300636,11.6081837904146
"677",11.5847948641421,0.851295325666075,12.062254961755,10.8763120359774
"678",9.93026638631407,0.729714203525011,10.3395361242537,9.32296834639955
"679",8.01826930175874,0.589213296961083,8.34873727192144,7.52790186940306
"680",8.46134414508854,0.621772142194879,8.81007316867746,7.94387990853629
"681",9.85296927708834,0.724034114361323,10.2590532628633,9.2503984399595
"682",11.2088319477999,0.823668123194278,11.6707969682155,10.5233416087883
"683",10.90606024973,0.801419293212083,11.3555467233771,10.2390862980565
"684",8.33854398764691,0.612748313871022,8.68221187930847,7.82858975052613
"685",6.70496762747704,0.492706833996774,6.98130868793169,6.29491682526805
"686",7.4189868689066,0.545175716682478,7.72475578723084,6.96526931407362
"687",9.0624053929671,0.665940436649692,9.43590678114676,8.50818249320232
"688",9.42391041989974,0.692505217747811,9.81231101237875,8.84757922155216
"689",9.20956964699022,0.676754632587058,9.58913631814771,8.64634673055551
"690",7.43609948201947,0.54643321737401,7.74257368602404,6.98133538361989
"691",6.07219929523389,0.446208580917176,6.32246120338396,5.70084624321021
"692",6.83495711360882,0.502258961870203,7.11665560969051,6.41695663945084
"693",9.42054457073438,0.692257882193322,9.80880644183853,8.84441921516294
"694",11.7435012919019,0.862957684964576,12.227502375987,11.0253125707882
"695",11.5540905343826,0.849039053310069,12.0302851721876,10.8474854684605
"696",11.3011025975834,0.830448525763162,11.7668704953022,10.6099693299156
"697",10.4412566517501,0.767263735435412,10.8715865348952,9.80270835383219
"698",13.4074826744797,0.985233442938368,13.9600637138139,12.5875310607324
"699",16.2136879922242,1.19144421299261,16.8819250341587,15.2221193318875
"700",18.0989716486788,1.32998211401856,18.844909481106,16.9921060743716
"701",17.5695827391328,1.291080578908,18.2937021377084,16.4950926152529
"702",16.1627900097798,1.18770403329596,16.828929323101,15.1743340801365
"703",15.1656399296021,1.11442960658424,15.7906823240568,14.2381659782497
"704",16.0635640117939,1.18041252496451,16.725613787472,15.0811763739508
"705",18.8947671010026,1.38846022750216,19.6735031468467,17.7392336461403
"706",19.6889991464033,1.44682345582626,20.5004689708228,18.4848934231199
"707",19.8178220989291,1.45628986231941,20.6346012810204,18.6058380445394
"708",17.1532419260523,1.26048625313738,17.8602020975907,16.1042136528302
"709",14.407987838139,1.05875441410068,15.0018040740135,13.5268490617137
"710",14.7144856799821,1.08127705547221,15.3209340333176,13.8146026391687
"711",16.2628272590031,1.19505515549147,16.9330895451813,15.268253424461
"712",17.2220708784716,1.26554406953829,17.9318677923714,16.1688332833372
"713",16.8999458071504,1.24187307918313,17.5964665370694,15.86640817945
"714",15.5105995494749,1.13977856747523,16.1498592395925,14.5620291549005
"715",13.293795259446,0.976879254008808,13.8416907428497,12.4807963438064
"716",12.8166276799428,0.941815143271048,13.3448569990544,12.0328105530356
"717",13.9802433761491,1.02732210430652,14.5564303907063,13.125263854999
"718",15.1705918004061,1.11479348911459,15.7958382831287,14.242815011112
